{
  "Algeria": 1780.4105926327736,
  "Mali": 1631.3032271047684,
  "Cameroon": 1646.4393007949031,
  "Greece": 1665.1961780368943,
  "Belgium": 1823.0770589690173,
  "Mexico": 1816.4818426269721,
  "Argentina": 1975.1703630731195,
  "Malawi": 1424.6275252856924,
  "Tanzania": 1414.9828017309762,
  "Eswatini": 1343.448698832809,
  "Botswana": 1426.4508790780296,
  "Kuwait": 1498.0753929983048,
  "France": 1921.5976002262364,
  "German DR": 1537.1362019843048,
  "Liberia": 1400.3817855821965,
  "Senegal": 1773.4241034510685,
  "Nigeria": 1711.743471578111,
  "Ivory Coast": 1739.028972703495,
  "United Arab Emirates": 1627.3653244811187,
  "Egypt": 1726.621467484766,
  "Thailand": 1566.8380199204366,
  "Kenya": 1482.752690670441,
  "Colombia": 1866.6271883730158,
  "Uruguay": 1796.3966801317686,
  "Indonesia": 1513.8001590062804,
  "Iran": 1796.8775976284703,
  "Poland": 1696.7197882954956,
  "United States": 1771.8119171889218,
  "Costa Rica": 1642.737865214569,
  "Romania": 1607.1920670469337,
  "South Korea": 1796.7262049010358,
  "Norway": 1748.7500493114624,
  "Denmark": 1780.3792214879486,
  "Malta": 1347.3061975425571,
  "Uganda": 1493.963180487616,
  "Mauritius": 1285.2574938617477,
  "Togo": 1474.3302194154867,
  "Finland": 1528.9729622573534,
  "Bermuda": 1409.7811291031462,
  "Sweden": 1695.8136898210541,
  "Iraq": 1674.3510519520653,
  "Russia": 1740.686036949131,
  "Spain": 1949.4861999829113,
  "Czechoslovakia": 1532.0882442519473,
  "Netherlands": 1848.5856509616656,
  "Italy": 1826.5482682154231,
  "Morocco": 1847.258163904305,
  "Bahrain": 1540.2171223740704,
  "Gambia": 1484.2146072687915,
  "Guinea-Bissau": 1392.4899148480965,
  "Oman": 1591.2890036376448,
  "Qatar": 1598.9001008566306,
  "Austria": 1761.2104809962655,
  "Germany": 1866.4766316324244,
  "Zambia": 1512.5760618493678,
  "Mozambique": 1465.4117501021753,
  "Angola": 1544.5861961843964,
  "Lesotho": 1384.7899234057493,
  "Zimbabwe": 1461.002719452154,
  "Jamaica": 1601.0639321045448,
  "Barbados": 1281.5278701095883,
  "Hungary": 1686.7956499941447,
  "Basque Country": 1664.6147636671578,
  "Saint Martin": 1360.3363301795725,
  "British Virgin Islands": 1220.078623905013,
  "Saint Kitts and Nevis": 1389.607351444696,
  "Antigua and Barbuda": 1314.2621307808981,
  "Sint Maarten": 1401.203404020085,
  "Cayman Islands": 1269.0514996347401,
  "Northern Ireland": 1550.2537509444355,
  "England": 1876.471049155227,
  "Brazil": 1898.943278360794,
  "Israel": 1568.8457792842419,
  "Republic of Ireland": 1644.4944673582079,
  "Wales": 1645.737007727306,
  "Luxembourg": 1418.4818622320424,
  "Iceland": 1541.263579793029,
  "Yugoslavia": 1522.9551258761269,
  "Scotland": 1683.205841331351,
  "Guernsey": 1665.5509811385307,
  "Alderney": 1284.3304641452696,
  "Switzerland": 1769.0338137989481,
  "Turkey": 1757.858814491712,
  "Saint Lucia": 1349.5345724981175,
  "Grenada": 1354.2700284871084,
  "Cura\u00e7ao": 1505.7752128149953,
  "Saint Vincent and the Grenadines": 1411.8313055586177,
  "Dominica": 1301.165498395399,
  "Martinique": 1479.7970622101834,
  "French Guiana": 1446.9757122247488,
  "Gabon": 1517.0822069394085,
  "Suriname": 1526.994720656422,
  "Guyana": 1470.9461232287777,
  "Guadeloupe": 1512.5153657967,
  "Bulgaria": 1485.9347087273636,
  "Jersey": 1712.5484555293208,
  "Andalusia": 1577.6567897219716,
  "Canada": 1746.9304947160394,
  "Mauritania": 1459.3947385671106,
  "Burkina Faso": 1598.6974992228656,
  "Georgia": 1598.337092273476,
  "Lithuania": 1327.6914166045042,
  "Liechtenstein": 1105.6812662897994,
  "Albania": 1551.9550340742771,
  "Ghana": 1567.4547169730797,
  "Jordan": 1641.7673960693976,
  "Tunisia": 1659.8549850650263,
  "Namibia": 1428.8475536854053,
  "Trinidad and Tobago": 1501.1532451343708,
  "Japan": 1853.4142743273121,
  "China": 1556.2412249277336,
  "North Korea": 1510.4700746972858,
  "DR Congo": 1629.253198117062,
  "Faroe Islands": 1355.6049078151218,
  "R\u00e9union": 1571.4063714284332,
  "Congo": 1386.2346748646473,
  "New Zealand": 1604.5365096799555,
  "Ethiopia": 1423.0731073022648,
  "Sudan": 1441.1797379965387,
  "Singapore": 1399.1162714344778,
  "Chad": 1311.0555405712241,
  "Benin": 1496.4035582129154,
  "Niger": 1422.4520647694414,
  "Madagascar": 1466.092626072538,
  "Guinea": 1516.4370896602904,
  "Sierra Leone": 1435.1293024087045,
  "Comoros": 1460.094971943477,
  "Australia": 1771.239539243485,
  "Seychelles": 1157.829054848337,
  "Portugal": 1878.4330329292206,
  "Malaysia": 1535.535101076534,
  "Yemen": 1351.8110455623298,
  "Pakistan": 1228.1743406010305,
  "Hong Kong": 1399.038902368192,
  "Saudi Arabia": 1643.9597480224932,
  "Bangladesh": 1280.4594804494334,
  "Aruba": 1308.3192251528453,
  "Croatia": 1813.3453286118054,
  "Cyprus": 1374.7384706787477,
  "Fiji": 1477.1286005431082,
  "Solomon Islands": 1449.5207316459903,
  "New Caledonia": 1539.6504227029686,
  "Vanuatu": 1477.568137726421,
  "Papua New Guinea": 1477.5526357517601,
  "Chile": 1686.3318791410288,
  "San Marino": 1017.8939565499272,
  "Guatemala": 1559.539120218118,
  "Zanzibar": 1501.8175037771134,
  "Central African Republic": 1384.9275675950107,
  "Equatorial Guinea": 1455.8399511485238,
  "India": 1372.4039629359959,
  "Paraguay": 1704.7776000590234,
  "Nicaragua": 1456.9957925690496,
  "El Salvador": 1483.340554912622,
  "Haiti": 1579.5654552336441,
  "Puerto Rico": 1407.0709218516363,
  "Montserrat": 1345.2504852051675,
  "Dominican Republic": 1473.133105444215,
  "Panama": 1688.769097792166,
  "Honduras": 1590.9437616207838,
  "Anguilla": 1154.398449156299,
  "Peru": 1659.1919221181458,
  "Ecuador": 1798.8523684177997,
  "Bolivia": 1562.1747087597114,
  "Slovenia": 1639.523107214365,
  "Philippines": 1408.2682961855937,
  "Brunei": 1166.6301765982903,
  "\u00c5land Islands": 1493.3596992384423,
  "Isle of Wight": 1590.4960424680692,
  "Ynys M\u00f4n": 1613.4272079254733,
  "Shetland": 1488.460678583416,
  "Greenland": 1466.0454335316558,
  "Moldova": 1323.0205768947544,
  "Venezuela": 1680.6538103370026,
  "Guam": 1201.3753724205967,
  "Tahiti": 1524.6996048340488,
  "Wallis Islands and Futuna": 1439.2327132569797,
  "Estonia": 1418.8800913893335,
  "Latvia": 1333.7651769454478,
  "Cape Verde": 1597.480230127921,
  "Vietnam": 1549.0549131235314,
  "Myanmar": 1288.8042713439124,
  "Libya": 1515.7426908363045,
  "Sri Lanka": 1195.1542680721973,
  "Nepal": 1267.3725411075425,
  "Maldives": 1215.3937191259504,
  "Ukraine": 1712.4988506380084,
  "Cuba": 1421.7912609000716,
  "Syria": 1529.1556705637965,
  "Kazakhstan": 1432.9143875184793,
  "Turkmenistan": 1428.28226359857,
  "Macau": 1119.8420436243487,
  "Taiwan": 1266.4603260470826,
  "Tajikistan": 1470.818720169373,
  "Uzbekistan": 1715.9451278433082,
  "Burundi": 1411.538190092048,
  "Eritrea": 1307.297519139229,
  "Slovakia": 1622.4031427887662,
  "South Africa": 1624.902015769011,
  "Kyrgyzstan": 1459.1666414053418,
  "Palestine": 1517.1008607234892,
  "Azerbaijan": 1392.2674550587956,
  "Armenia": 1411.9696747295532,
  "Belarus": 1499.5228882466201,
  "Lebanon": 1455.6093043223418,
  "Mongolia": 1206.2084615954097,
  "Laos": 1172.568517518851,
  "Isle of Man": 1615.784848189755,
  "Gibraltar": 1242.9235206848716,
  "North Macedonia": 1544.4258872938658,
  "Tonga": 1293.9207132296463,
  "Czech Republic": 1688.134115179064,
  "Samoa": 1390.1215329519941,
  "American Samoa": 1239.4470825745755,
  "Somalia": 1194.512763860265,
  "Djibouti": 1193.0525011329219,
  "Serbia": 1691.085215568101,
  "Cook Islands": 1341.0681124518771,
  "Rwanda": 1460.5513102347131,
  "Belize": 1362.7996519248018,
  "Bosnia and Herzegovina": 1578.1440857284442,
  "Cambodia": 1242.3048663184227,
  "Canary Islands": 1512.3192092479258,
  "Andorra": 1178.5780513931932,
  "Fr\u00f8ya": 1339.5932202606882,
  "Hitra": 1423.075798055597,
  "Catalonia": 1616.6274122132686,
  "United States Virgin Islands": 1215.426000574962,
  "Corsica": 1533.5676826179765,
  "Brittany": 1510.1918851513578,